stack,die,channel,bank,block,mean_K,max_K
0,logic_die,-1,-1,logic_die,309.434804345046,310.9579749918045
0,dram_0,0,0,bank_array_pim_region,309.0417469154272,309.24910865688037
0,dram_0,0,1,bank_array_pim_region,309.08279149937164,309.30225248299735
0,dram_0,0,2,bank_array_pim_region,309.1627552542775,309.4058453067583
0,dram_0,0,3,bank_array_pim_region,309.2349524085678,309.49788731473166
0,dram_0,0,4,bank_array_pim_region,309.3932139990107,309.4801557513543
0,dram_0,0,5,bank_array_pim_region,309.43768411208896,309.50724459022894
0,dram_0,0,6,bank_array_pim_region,309.5232747544353,309.554759798586
0,dram_0,0,7,bank_array_pim_region,309.60051275428145,309.6186846038899
0,dram_0,0,8,bank_array_pim_region,309.94647114628447,310.0422966060645
0,dram_0,0,9,bank_array_pim_region,310.02965684053623,310.1289683811449
0,dram_0,0,10,bank_array_pim_region,310.19190930394154,310.29711624046047
0,dram_0,0,11,bank_array_pim_region,310.32344120655756,310.43441517148136
0,dram_0,0,12,bank_array_pim_region,309.1966546778031,309.77334919789905
0,dram_0,0,13,bank_array_pim_region,309.2396776363927,309.8567918368818
0,dram_0,0,14,bank_array_pim_region,309.32295077260983,310.01922472795246
0,dram_0,0,15,bank_array_pim_region,309.3900111364927,310.14961830537453
0,dram_0,1,0,bank_array_pim_region,309.2984224964378,309.5774036705407
0,dram_0,1,1,bank_array_pim_region,309.3552891460289,309.64755476935727
0,dram_0,1,2,bank_array_pim_region,309.4084741445587,309.7125753687778
0,dram_0,1,3,bank_array_pim_region,309.47003454940284,309.7888939223449
0,dram_0,1,4,bank_array_pim_region,309.66680665577707,309.68194654525524
0,dram_0,1,5,bank_array_pim_region,309.72330962559676,309.74457619579584
0,dram_0,1,6,bank_array_pim_region,309.77227045636903,309.80187532714615
0,dram_0,1,7,bank_array_pim_region,309.8251526088252,309.869258538483
0,dram_0,1,8,bank_array_pim_region,310.42263481624013,310.53788928245876
0,dram_0,1,9,bank_array_pim_region,310.4937524539726,310.6110595282895
0,dram_0,1,10,bank_array_pim_region,310.538634918557,310.6552311622856
0,dram_0,1,11,bank_array_pim_region,310.53338760846566,310.64592843245936
0,dram_0,1,12,bank_array_pim_region,309.43903132523934,310.2461947969543
0,dram_0,1,13,bank_array_pim_region,309.4714680695361,310.3134235007424
0,dram_0,1,14,bank_array_pim_region,309.48776072800155,310.35332419031675
0,dram_0,1,15,bank_array_pim_region,309.47558722547706,310.34190901018394
0,dram_0,2,0,bank_array_pim_region,309.54313362675464,309.8811024831283
0,dram_0,2,1,bank_array_pim_region,309.6302509250844,309.99290044390057
0,dram_0,2,2,bank_array_pim_region,309.7297068827452,310.12243538335173
0,dram_0,2,3,bank_array_pim_region,309.7759164841789,310.1825894077141
0,dram_0,2,4,bank_array_pim_region,309.88524334370953,309.95154816209237
0,dram_0,2,5,bank_array_pim_region,309.95588003871217,310.0575819333839
0,dram_0,2,6,bank_array_pim_region,310.0371402804469,310.1853356424042
0,dram_0,2,7,bank_array_pim_region,310.0663733240983,310.24372406808345
0,dram_0,2,8,bank_array_pim_region,310.47584107947625,310.58097306587894
0,dram_0,2,9,bank_array_pim_region,310.3633001743028,310.4582534254078
0,dram_0,2,10,bank_array_pim_region,310.1963029563688,310.27968198525406
0,dram_0,2,11,bank_array_pim_region,310.0579707543907,310.13088753678403
0,dram_0,2,12,bank_array_pim_region,309.4339273384736,310.2771350885486
0,dram_0,2,13,bank_array_pim_region,309.3619464296774,310.1566171798773
0,dram_0,2,14,bank_array_pim_region,309.26094372621094,309.9815628644462
0,dram_0,2,15,bank_array_pim_region,309.17413632170553,309.83655773666885
0,dram_0,3,0,bank_array_pim_region,309.76581099268645,310.1694749946975
0,dram_0,3,1,bank_array_pim_region,309.6996993911312,310.0835583342373
0,dram_0,3,2,bank_array_pim_region,309.5836909295671,309.93292196909096
0,dram_0,3,3,bank_array_pim_region,309.5233923738047,309.8582840123671
0,dram_0,3,4,bank_array_pim_region,310.04232172190643,310.22894383336813
0,dram_0,3,5,bank_array_pim_region,309.96634320896516,310.14151957731536
0,dram_0,3,6,bank_array_pim_region,309.84520021170886,309.9895546873495
0,dram_0,3,7,bank_array_pim_region,309.78511122247625,309.9137439004722
0,dram_0,3,8,bank_array_pim_region,309.94791705563495,310.0129112825333
0,dram_0,3,9,bank_array_pim_region,309.8620225395473,309.92241308758923
0,dram_0,3,10,bank_array_pim_region,309.80075352694365,309.8604049173379
0,dram_0,3,11,bank_array_pim_region,309.81501900358666,309.8784915475033
0,dram_0,3,12,bank_array_pim_region,309.1024210013541,309.7217136578841
0,dram_0,3,13,bank_array_pim_region,309.04440491454886,309.63296615421797
0,dram_0,3,14,bank_array_pim_region,309.00071955116664,309.5708157237463
0,dram_0,3,15,bank_array_pim_region,308.99710524169313,309.586669590117
0,dram_0,4,0,bank_array_pim_region,309.5253355699185,309.8683555118623
0,dram_0,4,1,bank_array_pim_region,309.5900859245759,309.96404412432486
0,dram_0,4,2,bank_array_pim_region,309.70927129186543,310.13446029222933
0,dram_0,4,3,bank_array_pim_region,309.72937720217243,310.17518410654657
0,dram_0,4,4,bank_array_pim_region,309.7920953974863,309.9227307652265
0,dram_0,4,5,bank_array_pim_region,309.8650416733342,310.0173202751568
0,dram_0,4,6,bank_array_pim_region,309.9922022466488,310.1865036951343
0,dram_0,4,7,bank_array_pim_region,310.01398246847754,310.2257520042506
0,dram_0,4,8,bank_array_pim_region,309.9109368399289,309.9825654617583
0,dram_0,4,9,bank_array_pim_region,310.0938425702718,310.1767505560846
0,dram_0,4,10,bank_array_pim_region,310.3561633297168,310.4506669856754
0,dram_0,4,11,bank_array_pim_region,310.4506079957117,310.55148742096867
0,dram_0,4,12,bank_array_pim_region,309.03624238065817,309.68690212500144
0,dram_0,4,13,bank_array_pim_region,309.11975065991453,309.8769774998783
0,dram_0,4,14,bank_array_pim_region,309.2419050718227,310.148727119152
0,dram_0,4,15,bank_array_pim_region,309.27580922642176,310.2519945472809
0,dram_0,5,0,bank_array_pim_region,309.6405202130602,310.0731077845146
0,dram_0,5,1,bank_array_pim_region,309.44049762754975,309.82504639736743
0,dram_0,5,2,bank_array_pim_region,309.13466676300607,309.437558323934
0,dram_0,5,3,bank_array_pim_region,308.8716636883329,309.1079925292053
0,dram_0,5,4,bank_array_pim_region,309.91770454162383,310.121886636712
0,dram_0,5,5,bank_array_pim_region,309.7008854316679,309.8717089933246
0,dram_0,5,6,bank_array_pim_region,309.3711193974628,309.48182422469637
0,dram_0,5,7,bank_array_pim_region,309.0825823559464,309.1496762769419
0,dram_0,5,8,bank_array_pim_region,310.36537998581673,310.4649741003949
0,dram_0,5,9,bank_array_pim_region,310.09840895163507,310.1888381235457
0,dram_0,5,10,bank_array_pim_region,309.6572282981293,309.732608956973
0,dram_0,5,11,bank_array_pim_region,309.2844929292986,309.34401556376116
0,dram_0,5,12,bank_array_pim_region,309.21409819114194,310.174159828322
0,dram_0,5,13,bank_array_pim_region,309.0557306666122,309.9130265083131
0,dram_0,5,14,bank_array_pim_region,308.8059357825532,309.47666968741675
0,dram_0,5,15,bank_array_pim_region,308.5893147660056,309.1102434203673
0,dram_0,6,0,bank_array_pim_region,308.65448793052843,308.8394360691282
0,dram_0,6,1,bank_array_pim_region,308.47718067117876,308.6230810784823
0,dram_0,6,2,bank_array_pim_region,308.33411580725414,308.4506839382705
0,dram_0,6,3,bank_array_pim_region,308.22080200290344,308.31565985134034
0,dram_0,6,4,bank_array_pim_region,308.8411655079715,308.8784732741403
0,dram_0,6,5,bank_array_pim_region,308.6422537205303,308.6611926985498
0,dram_0,6,6,bank_array_pim_region,308.48075572180534,308.49089790379605
0,dram_0,6,7,bank_array_pim_region,308.3523116911912,308.3570939537204
0,dram_0,6,8,bank_array_pim_region,308.982524338675,309.0277232562614
0,dram_0,6,9,bank_array_pim_region,308.7401048951349,308.7733343111227
0,dram_0,6,10,bank_array_pim_region,308.5472934087971,308.57419938985464
0,dram_0,6,11,bank_array_pim_region,308.39640236256514,308.4216544372928
0,dram_0,6,12,bank_array_pim_region,308.40904692633603,308.81617621500857
0,dram_0,6,13,bank_array_pim_region,308.2607624040072,308.5825209837706
0,dram_0,6,14,bank_array_pim_region,308.1402729348643,308.3984982035216
0,dram_0,6,15,bank_array_pim_region,308.0442400397201,308.25572462641816
0,dram_0,7,0,bank_array_pim_region,308.1338117792572,308.21298522370085
0,dram_0,7,1,bank_array_pim_region,308.07061208937904,308.13895490049583
0,dram_0,7,2,bank_array_pim_region,308.0294200194075,308.0909688866825
0,dram_0,7,3,bank_array_pim_region,308.0091001335478,308.0673764615555
0,dram_0,7,4,bank_array_pim_region,308.2534404609461,308.260259488233
0,dram_0,7,5,bank_array_pim_region,308.18148729260486,308.1919032273572
0,dram_0,7,6,bank_array_pim_region,308.13454257789874,308.1468805017687
0,dram_0,7,7,bank_array_pim_region,308.11137269654904,308.1245414815573
0,dram_0,7,8,bank_array_pim_region,308.2816903371527,308.3057907397735
0,dram_0,7,9,bank_array_pim_region,308.19897943329994,308.22229807105083
0,dram_0,7,10,bank_array_pim_region,308.1453612832491,308.16819127499633
0,dram_0,7,11,bank_array_pim_region,308.11899742461895,308.1415915660431
0,dram_0,7,12,bank_array_pim_region,307.9701227439963,308.1479552784501
0,dram_0,7,13,bank_array_pim_region,307.91604620121177,308.07067754208725
0,dram_0,7,14,bank_array_pim_region,307.880691467102,308.0207761572723
0,dram_0,7,15,bank_array_pim_region,307.86321847371397,307.9962964551134
0,dram_1,0,0,bank_array_pim_region,308.9691152220812,309.1640321623806
0,dram_1,0,1,bank_array_pim_region,309.00238807119746,309.20690976353734
0,dram_1,0,2,bank_array_pim_region,309.0632678379441,309.2852399666963
0,dram_1,0,3,bank_array_pim_region,309.1248376760441,309.3633652790845
0,dram_1,0,4,bank_array_pim_region,309.3066132174605,309.3948223087551
0,dram_1,0,5,bank_array_pim_region,309.3427413050372,309.4182948531757
0,dram_1,0,6,bank_array_pim_region,309.4082313647389,309.45926044932895
0,dram_1,0,7,bank_array_pim_region,309.47395988076516,309.50552127587116
0,dram_1,0,8,bank_array_pim_region,309.81964385411595,309.908929075975
0,dram_1,0,9,bank_array_pim_region,309.88510834320437,309.9773380834538
0,dram_1,0,10,bank_array_pim_region,310.00321752095687,310.10037113503125
0,dram_1,0,11,bank_array_pim_region,310.11082700104026,310.2129058631415
0,dram_1,0,12,bank_array_pim_region,309.1129407379873,309.65061998133194
0,dram_1,0,13,bank_array_pim_region,309.1467888221246,309.71609926908894
0,dram_1,0,14,bank_array_pim_region,309.20743146189204,309.83393616639853
0,dram_1,0,15,bank_array_pim_region,309.26203077739723,309.9401446523828
0,dram_1,1,0,bank_array_pim_region,309.18193357743473,309.4346889259049
0,dram_1,1,1,bank_array_pim_region,309.23486459478744,309.4999361916933
0,dram_1,1,2,bank_array_pim_region,309.2861990927968,309.5628565112477
0,dram_1,1,3,bank_array_pim_region,309.34305730541337,309.63328195893416
0,dram_1,1,4,bank_array_pim_region,309.53325040611605,309.5493965171542
0,dram_1,1,5,bank_array_pim_region,309.5854577582454,309.59582286239544
0,dram_1,1,6,bank_array_pim_region,309.6325004845684,309.6514244097584
0,dram_1,1,7,bank_array_pim_region,309.68103506921244,309.7134043151755
0,dram_1,1,8,bank_array_pim_region,310.1955545798028,310.3012989212149
0,dram_1,1,9,bank_array_pim_region,310.25582669506264,310.36323395131683
0,dram_1,1,10,bank_array_pim_region,310.2893482303063,310.395891800991
0,dram_1,1,11,bank_array_pim_region,310.2822395241467,310.3849374057538
0,dram_1,1,12,bank_array_pim_region,309.30345062050884,310.0221749949332
0,dram_1,1,13,bank_array_pim_region,309.33025045225355,310.07859684792976
0,dram_1,1,14,bank_array_pim_region,309.3408227958622,310.1072604056712
0,dram_1,1,15,bank_array_pim_region,309.32792351423666,310.094275940487
0,dram_1,2,0,bank_array_pim_region,309.40799755080667,309.71498190630007
0,dram_1,2,1,bank_array_pim_region,309.4809671039729,309.8082599958205
0,dram_1,2,2,bank_array_pim_region,309.5545123506385,309.9035431381952
0,dram_1,2,3,bank_array_pim_region,309.59097529400304,309.9509289690512
0,dram_1,2,4,bank_array_pim_region,309.73376680975497,309.7857643944093
0,dram_1,2,5,bank_array_pim_region,309.7914748285397,309.8710605563653
0,dram_1,2,6,bank_array_pim_region,309.84833374990234,309.9646215587185
0,dram_1,2,7,bank_array_pim_region,309.8691170628969,310.0102981441821
0,dram_1,2,8,bank_array_pim_region,310.2312319611918,310.3271217405077
0,dram_1,2,9,bank_array_pim_region,310.1363652646627,310.2230574707199
0,dram_1,2,10,bank_array_pim_region,310.0062431216407,310.08261772857526
0,dram_1,2,11,bank_array_pim_region,309.88851241666055,309.95548240306124
0,dram_1,2,12,bank_array_pim_region,309.28999479223774,310.0365164561764
0,dram_1,2,13,bank_array_pim_region,309.2275516374717,309.9343420688426
0,dram_1,2,14,bank_array_pim_region,309.1458521635334,309.7969887375142
0,dram_1,2,15,bank_array_pim_region,309.0701126592411,309.6732165385409
0,dram_1,3,0,bank_array_pim_region,309.5828865114114,309.940651519115
0,dram_1,3,1,bank_array_pim_region,309.5318978171725,309.8749693290905
0,dram_1,3,2,bank_array_pim_region,309.4519690085167,309.7724450991878
0,dram_1,3,3,bank_array_pim_region,309.40424088918485,309.71452483060244
0,dram_1,3,4,bank_array_pim_region,309.84804731309606,309.99840352654064
0,dram_1,3,5,bank_array_pim_region,309.78780504009865,309.93125124129745
0,dram_1,3,6,bank_array_pim_region,309.70297155208607,309.8274235905036
0,dram_1,3,7,bank_array_pim_region,309.65507777035174,309.7683446263493
0,dram_1,3,8,bank_array_pim_region,309.79188468744513,309.85169648934504
0,dram_1,3,9,bank_array_pim_region,309.7179356467482,309.77361235038666
0,dram_1,3,10,bank_array_pim_region,309.67258656472063,309.72767301726685
0,dram_1,3,11,bank_array_pim_region,309.6849702995644,309.7434818585376
0,dram_1,3,12,bank_array_pim_region,309.00570805428026,309.5722234566399
0,dram_1,3,13,bank_array_pim_region,308.9540749915084,309.4956939795556
0,dram_1,3,14,bank_array_pim_region,308.91855323794636,309.44961356324126
0,dram_1,3,15,bank_array_pim_region,308.9138869902905,309.46344713384923
0,dram_1,4,0,bank_array_pim_region,309.40196539209256,309.7188840538551
0,dram_1,4,1,bank_array_pim_region,309.4437983115044,309.78387060893175
0,dram_1,4,2,bank_array_pim_region,309.50978245552903,309.8831179362069
0,dram_1,4,3,bank_array_pim_region,309.5106573634335,309.89784179245726
0,dram_1,4,4,bank_array_pim_region,309.65682602094546,309.771626658402
0,dram_1,4,5,bank_array_pim_region,309.70523351740394,309.8355216369055
0,dram_1,4,6,bank_array_pim_region,309.777241098807,309.93355203427984
0,dram_1,4,7,bank_array_pim_region,309.7787993685064,309.9468323213775
0,dram_1,4,8,bank_array_pim_region,309.76171627650547,309.8273882703497
0,dram_1,4,9,bank_array_pim_region,309.8998159526143,309.9751780546079
0,dram_1,4,10,bank_array_pim_region,310.06984470345105,310.15485037033625
0,dram_1,4,11,bank_array_pim_region,310.12919542135774,310.21950825015495
0,dram_1,4,12,bank_array_pim_region,308.9430046797236,309.54402101454957
0,dram_1,4,13,bank_array_pim_region,309.0033917684082,309.68836828463895
0,dram_1,4,14,bank_array_pim_region,309.07855907644716,309.8664826423644
0,dram_1,4,15,bank_array_pim_region,309.09462299779284,309.9337840890793
0,dram_1,5,0,bank_array_pim_region,309.4257866045965,309.80057582355016
0,dram_1,5,1,bank_array_pim_region,309.2533319681351,309.5886257608063
0,dram_1,5,2,bank_array_pim_region,309.01024473595436,309.2840406879656
0,dram_1,5,3,bank_array_pim_region,308.782156363724,309.00021492840074
0,dram_1,5,4,bank_array_pim_region,309.68676295752937,309.847830559586
0,dram_1,5,5,bank_array_pim_region,309.4990350902368,309.6338399650471
0,dram_1,5,6,bank_array_pim_region,309.2345639258242,309.32695333384595
0,dram_1,5,7,bank_array_pim_region,308.9832801033455,309.04065376841464
0,dram_1,5,8,bank_array_pim_region,310.04727373234914,310.13637238654803
0,dram_1,5,9,bank_array_pim_region,309.82226694463674,309.90342820066144
0,dram_1,5,10,bank_array_pim_region,309.4810857345748,309.54936187090334
0,dram_1,5,11,bank_array_pim_region,309.16251197960753,309.21682560952536
0,dram_1,5,12,bank_array_pim_region,309.0349775422858,309.8589251913467
0,dram_1,5,13,bank_array_pim_region,308.8987210690752,309.63997182177206
0,dram_1,5,14,bank_array_pim_region,308.7006356162176,309.3043185579985
0,dram_1,5,15,bank_array_pim_region,308.5127384942558,308.9923764530298
0,dram_1,6,0,bank_array_pim_region,308.5859080533613,308.7587433534691
0,dram_1,6,1,bank_array_pim_region,308.4222278343542,308.55977780929953
0,dram_1,6,2,bank_array_pim_region,308.28851589382344,308.39914295073737
0,dram_1,6,3,bank_array_pim_region,308.18179808267865,308.27230023013163
0,dram_1,6,4,bank_array_pim_region,308.76470064044014,308.7966497668603
0,dram_1,6,5,bank_array_pim_region,308.5809198495088,308.59781397496687
0,dram_1,6,6,bank_array_pim_region,308.4299391964919,308.4390100198788
0,dram_1,6,7,bank_array_pim_region,308.30897857929153,308.3132113596399
0,dram_1,6,8,bank_array_pim_region,308.8920898710497,308.9335295708121
0,dram_1,6,9,bank_array_pim_region,308.66968502612576,308.700213379566
0,dram_1,6,10,bank_array_pim_region,308.4903080949079,308.51661221290493
0,dram_1,6,11,bank_array_pim_region,308.348720060432,308.3734890408159
0,dram_1,6,12,bank_array_pim_region,308.34968344423896,308.72982225408305
0,dram_1,6,13,bank_array_pim_region,308.2126275989249,308.5159398356814
0,dram_1,6,14,bank_array_pim_region,308.09987069992854,308.3450217826517
0,dram_1,6,15,bank_array_pim_region,308.0093135458549,308.2112114947291
0,dram_1,7,0,bank_array_pim_region,308.0994694693661,308.1753381636956
0,dram_1,7,1,bank_array_pim_region,308.03946666261993,308.1051873199574
0,dram_1,7,2,bank_array_pim_region,308.0002804660475,308.0596181425694
0,dram_1,7,3,bank_array_pim_region,307.98092884936244,308.03718731500896
0,dram_1,7,4,bank_array_pim_region,308.2154282761745,308.2225864541336
0,dram_1,7,5,bank_array_pim_region,308.1471387473013,308.157582269283
0,dram_1,7,6,bank_array_pim_region,308.102498499977,308.11470449073425
0,dram_1,7,7,bank_array_pim_region,308.0804425328819,308.09341198847096
0,dram_1,7,8,bank_array_pim_region,308.2404889285303,308.2641769059185
0,dram_1,7,9,bank_array_pim_region,308.1621749199223,308.1851233020537
0,dram_1,7,10,bank_array_pim_region,308.1112950594444,308.1337788030601
0,dram_1,7,11,bank_array_pim_region,308.0862472291801,308.10850608371874
0,dram_1,7,12,bank_array_pim_region,307.9390824162678,308.1096195993149
0,dram_1,7,13,bank_array_pim_region,307.88768094844755,308.0364972298435
0,dram_1,7,14,bank_array_pim_region,307.85400956079656,307.9891679353013
0,dram_1,7,15,bank_array_pim_region,307.83735063423836,307.96591987801906
0,dram_2,0,0,bank_array_pim_region,308.8888554971233,309.070522871129
0,dram_2,0,1,bank_array_pim_region,308.91558319757263,309.10477967108113
0,dram_2,0,2,bank_array_pim_region,308.9632122847597,309.16564428384845
0,dram_2,0,3,bank_array_pim_region,309.0152741391405,309.2313728219528
0,dram_2,0,4,bank_array_pim_region,309.21093839178855,309.2995752060224
0,dram_2,0,5,bank_array_pim_region,309.2399776485671,309.3195607222116
0,dram_2,0,6,bank_array_pim_region,309.29128191359223,309.3544046459459
0,dram_2,0,7,bank_array_pim_region,309.34664294845584,309.3946381684424
0,dram_2,0,8,bank_array_pim_region,309.68146385874456,309.7636509267685
0,dram_2,0,9,bank_array_pim_region,309.7322073049655,309.81682522565984
0,dram_2,0,10,bank_array_pim_region,309.8202762509613,309.9089297418852
0,dram_2,0,11,bank_array_pim_region,309.90697512542545,309.9997356063608
0,dram_2,0,12,bank_array_pim_region,309.0207403108729,309.51713579258796
0,dram_2,0,13,bank_array_pim_region,309.0469246509539,309.5676893920063
0,dram_2,0,14,bank_array_pim_region,309.09202512661693,309.65513292758715
0,dram_2,0,15,bank_array_pim_region,309.1356759824667,309.7402197374457
0,dram_2,1,0,bank_array_pim_region,309.0659318488001,309.29445247957705
0,dram_2,1,1,bank_array_pim_region,309.1143756842331,309.3540993160195
0,dram_2,1,2,bank_array_pim_region,309.16232314781223,309.41291225478756
0,dram_2,1,3,bank_array_pim_region,309.21393285704926,309.47675856201005
0,dram_2,1,4,bank_array_pim_region,309.39886985860653,309.4333913978011
0,dram_2,1,5,bank_array_pim_region,309.4462443420623,309.4665446937765
0,dram_2,1,6,bank_array_pim_region,309.48987549958406,309.5005358536337
0,dram_2,1,7,bank_array_pim_region,309.5335630965934,309.5564732637976
0,dram_2,1,8,bank_array_pim_region,309.97780369379393,310.07361658568055
0,dram_2,1,9,bank_array_pim_region,310.0278680459507,310.1249623166186
0,dram_2,1,10,bank_array_pim_region,310.053095400957,310.14920464782443
0,dram_2,1,11,bank_array_pim_region,310.04474084037287,310.13724386248623
0,dram_2,1,12,bank_array_pim_region,309.1697767717428,309.80830547074765
0,dram_2,1,13,bank_array_pim_region,309.1912634384955,309.85459516988686
0,dram_2,1,14,bank_array_pim_region,309.1976709012166,309.8751391319932
0,dram_2,1,15,bank_array_pim_region,309.1843809106916,309.8612399893914
0,dram_2,2,0,bank_array_pim_region,309.2707343465411,309.5480177018217
0,dram_2,2,1,bank_array_pim_region,309.3311789006681,309.6249771430423
0,dram_2,2,2,bank_array_pim_region,309.3869833914446,309.69693393639545
0,dram_2,2,3,bank_array_pim_region,309.41532633293036,309.73374593992946
0,dram_2,2,4,bank_array_pim_region,309.57900640243986,309.6190203058845
0,dram_2,2,5,bank_array_pim_region,309.6254461741539,309.6869673450849
0,dram_2,2,6,bank_array_pim_region,309.6660669388285,309.7559715733794
0,dram_2,2,7,bank_array_pim_region,309.6800611057304,309.79113704803035
0,dram_2,2,8,bank_array_pim_region,310.00000515160735,310.0863292646634
0,dram_2,2,9,bank_array_pim_region,309.9205204580414,309.9986405741084
0,dram_2,2,10,bank_array_pim_region,309.81638197840607,309.88540804655725
0,dram_2,2,11,bank_array_pim_region,309.71692020139005,309.77760826731077
0,dram_2,2,12,bank_array_pim_region,309.15008225189933,309.8102559961185
0,dram_2,2,13,bank_array_pim_region,309.09605966486254,309.7241385011704
0,dram_2,2,14,bank_array_pim_region,309.02822642562046,309.613552737888
0,dram_2,2,15,bank_array_pim_region,308.9624186691255,309.5086764113453
0,dram_2,3,0,bank_array_pim_region,309.40890644533147,309.7258597119565
0,dram_2,3,1,bank_array_pim_region,309.37002833825306,309.67640592551976
0,dram_2,3,2,bank_array_pim_region,309.3129394491092,309.6043437056759
0,dram_2,3,3,bank_array_pim_region,309.27492077957584,309.55932159144334
0,dram_2,3,4,bank_array_pim_region,309.66166363357684,309.78168787039306
0,dram_2,3,5,bank_array_pim_region,309.6141586254557,309.73080591707543
0,dram_2,3,6,bank_array_pim_region,309.5523623266017,309.6574685811432
0,dram_2,3,7,bank_array_pim_region,309.51377936919187,309.6113040813653
0,dram_2,3,8,bank_array_pim_region,309.6330756707679,309.6873868455046
0,dram_2,3,9,bank_array_pim_region,309.5696128680902,309.6202548011255
0,dram_2,3,10,bank_array_pim_region,309.5338035629418,309.5839612615751
0,dram_2,3,11,bank_array_pim_region,309.5430119946473,309.5961699429385
0,dram_2,3,12,bank_array_pim_region,308.90503575669504,309.4208970085799
0,dram_2,3,13,bank_array_pim_region,308.8590753936048,309.3551210654385
0,dram_2,3,14,bank_array_pim_region,308.8285227460458,309.3186974755931
0,dram_2,3,15,bank_array_pim_region,308.82215780707133,309.32920486438286
0,dram_2,4,0,bank_array_pim_region,309.268723939682,309.5583518025339
0,dram_2,4,1,bank_array_pim_region,309.2919650520613,309.59838096037413
0,dram_2,4,2,bank_array_pim_region,309.3240955905483,309.6522220242338
0,dram_2,4,3,bank_array_pim_region,309.31021440271957,309.64686557016734
0,dram_2,4,4,bank_array_pim_region,309.5105829947753,309.6092661788956
0,dram_2,4,5,bank_array_pim_region,309.53883282516404,309.6482130772185
0,dram_2,4,6,bank_array_pim_region,309.57523105935775,309.7008557578969
0,dram_2,4,7,bank_array_pim_region,309.56112389370435,309.69409202992307
0,dram_2,4,8,bank_array_pim_region,309.6016078737056,309.66092190028337
0,dram_2,4,9,bank_array_pim_region,309.7018982392769,309.76936554000235
0,dram_2,4,10,bank_array_pim_region,309.81137872695155,309.8867265791065
0,dram_2,4,11,bank_array_pim_region,309.8426958247322,309.9223502673543
0,dram_2,4,12,bank_array_pim_region,308.84177680611765,309.3911496079633
0,dram_2,4,13,bank_array_pim_region,308.88258478308876,309.4968224992803
0,dram_2,4,14,bank_array_pim_region,308.9267559318123,309.6132152991321
0,dram_2,4,15,bank_array_pim_region,308.92857830558125,309.6516494174633
0,dram_2,5,0,bank_array_pim_region,309.22973842778,309.55489449601345
0,dram_2,5,1,bank_array_pim_region,309.0811959114492,309.3741086568209
0,dram_2,5,2,bank_array_pim_region,308.8823118437888,309.12762331481247
0,dram_2,5,3,bank_array_pim_region,308.68550896722195,308.8846095226128
0,dram_2,5,4,bank_array_pim_region,309.47376700991396,309.6004448695416
0,dram_2,5,5,bank_array_pim_region,309.31145356917955,309.4177028965379
0,dram_2,5,6,bank_array_pim_region,309.0936062855872,309.169021790343
0,dram_2,5,7,bank_array_pim_region,308.87596359336914,308.9236546548058
0,dram_2,5,8,bank_array_pim_region,309.76444274887467,309.8429613799033
0,dram_2,5,9,bank_array_pim_region,309.57507338486005,309.6468297589675
0,dram_2,5,10,bank_array_pim_region,309.30289975702203,309.3637643157998
0,dram_2,5,11,bank_array_pim_region,309.03223011166097,309.0809990846725
0,dram_2,5,12,bank_array_pim_region,308.87122964758487,309.58008970283606
0,dram_2,5,13,bank_array_pim_region,308.7539532088789,309.3968737348678
0,dram_2,5,14,bank_array_pim_region,308.592065245472,309.1306862438107
0,dram_2,5,15,bank_array_pim_region,308.42982549490966,308.86684021740746
0,dram_2,6,0,bank_array_pim_region,308.5100464681804,308.6699429862735
0,dram_2,6,1,bank_array_pim_region,308.36057140529886,308.489049523212
0,dram_2,6,2,bank_array_pim_region,308.23687041946124,308.3409730007899
0,dram_2,6,3,bank_array_pim_region,308.13732506227046,308.2230089542006
0,dram_2,6,4,bank_array_pim_region,308.68016527332793,308.7065826681159
0,dram_2,6,5,bank_array_pim_region,308.5121966775425,308.5269630572622
0,dram_2,6,6,bank_array_pim_region,308.3724896838148,308.3804286027939
0,dram_2,6,7,bank_array_pim_region,308.25967337451925,308.26332006087205
0,dram_2,6,8,bank_array_pim_region,308.7928682244974,308.83024966381754
0,dram_2,6,9,bank_array_pim_region,308.59119817616454,308.6187907810244
0,dram_2,6,10,bank_array_pim_region,308.42613677809436,308.45177757405247
0,dram_2,6,11,bank_array_pim_region,308.29463206485593,308.31886336645766
0,dram_2,6,12,bank_array_pim_region,308.283838232844,308.6352337114208
0,dram_2,6,13,bank_array_pim_region,308.1584770847472,308.441783563978
0,dram_2,6,14,bank_array_pim_region,308.05399315504513,308.2847987734056
0,dram_2,6,15,bank_array_pim_region,307.9693891587136,308.16068637743984
0,dram_2,7,0,bank_array_pim_region,308.060115220705,308.1323099545273
0,dram_2,7,1,bank_array_pim_region,308.00364410730924,308.06643971877304
0,dram_2,7,2,bank_array_pim_region,307.96668188120145,308.02354756726487
0,dram_2,7,3,bank_array_pim_region,307.94840586992035,308.00240603650104
0,dram_2,7,4,bank_array_pim_region,308.1719686659253,308.17947857762374
0,dram_2,7,5,bank_array_pim_region,308.10772760495786,308.1181889332821
0,dram_2,7,6,bank_array_pim_region,308.0656428105957,308.0776942140036
0,dram_2,7,7,bank_array_pim_region,308.04482437312726,308.0575660447805
0,dram_2,7,8,bank_array_pim_region,308.19350062257047,308.21672683063304
0,dram_2,7,9,bank_array_pim_region,308.12003546689016,308.14256791034643
0,dram_2,7,10,bank_array_pim_region,308.07218746638307,308.0942815768548
0,dram_2,7,11,bank_array_pim_region,308.04859985831024,308.0704811470976
0,dram_2,7,12,bank_array_pim_region,307.90342504154836,308.06585256446647
0,dram_2,7,13,bank_array_pim_region,307.8549788053672,307.9973079867792
0,dram_2,7,14,bank_array_pim_region,307.82317383946184,307.9528242709205
0,dram_2,7,15,bank_array_pim_region,307.8074192534246,307.9309419041419
0,dram_3,0,0,bank_array_pim_region,308.80239910506344,308.9703784177764
0,dram_3,0,1,bank_array_pim_region,308.82384367550634,308.997705286507
0,dram_3,0,2,bank_array_pim_region,308.86179122685877,309.0458791681081
0,dram_3,0,3,bank_array_pim_region,308.9056108490888,309.10092179626486
0,dram_3,0,4,bank_array_pim_region,309.1078854600599,309.1958709034891
0,dram_3,0,5,bank_array_pim_region,309.13115128321954,309.21265589237873
0,dram_3,0,6,bank_array_pim_region,309.1719495454105,309.24197247520567
0,dram_3,0,7,bank_array_pim_region,309.21827458350845,309.27644449039735
0,dram_3,0,8,bank_array_pim_region,309.53488516254424,309.6095841031581
0,dram_3,0,9,bank_array_pim_region,309.5739773665616,309.6506469420654
0,dram_3,0,10,bank_array_pim_region,309.64067747299214,309.72060468503656
0,dram_3,0,11,bank_array_pim_region,309.7098571449237,309.79313754026816
0,dram_3,0,12,bank_array_pim_region,308.92177281794625,309.37583441393946
0,dram_3,0,13,bank_array_pim_region,308.941853584865,309.4145827547935
0,dram_3,0,14,bank_array_pim_region,308.9758004164692,309.4804107193726
0,dram_3,0,15,bank_array_pim_region,309.0102283683225,309.5478377819264
0,dram_3,1,0,bank_array_pim_region,308.95000868049965,309.15602440160757
0,dram_3,1,1,bank_array_pim_region,308.9935978194265,309.2096143504428
0,dram_3,1,2,bank_array_pim_region,309.03726321118836,309.263162608635
0,dram_3,1,3,bank_array_pim_region,309.0833005107134,309.3200345079594
0,dram_3,1,4,bank_array_pim_region,309.2636540500875,309.3101033432986
0,dram_3,1,5,bank_array_pim_region,309.3058647495553,309.3390632360988
0,dram_3,1,6,bank_array_pim_region,309.3452389203348,309.3609196564692
0,dram_3,1,7,bank_array_pim_region,309.38379599857024,309.39912862406305
0,dram_3,1,8,bank_array_pim_region,309.76802607608016,309.85378022796453
0,dram_3,1,9,bank_array_pim_region,309.8088723917177,309.89555615635777
0,dram_3,1,10,bank_array_pim_region,309.8277293119809,309.9133453338623
0,dram_3,1,11,bank_array_pim_region,309.81864519623207,309.90091963000555
0,dram_3,1,12,bank_array_pim_region,309.03764610484035,309.60326634503974
0,dram_3,1,13,bank_array_pim_region,309.0543315470216,309.6404580831947
0,dram_3,1,14,bank_array_pim_region,309.05756177354476,309.654855982467
0,dram_3,1,15,bank_array_pim_region,309.04416296028063,309.6405921169119
0,dram_3,2,0,bank_array_pim_region,309.13230705952844,309.38134641917645
0,dram_3,2,1,bank_array_pim_region,309.1820295767999,309.4444230799029
0,dram_3,2,2,bank_array_pim_region,309.2250477408489,309.4996867748469
0,dram_3,2,3,bank_array_pim_region,309.2468614944329,309.52806816371105
0,dram_3,2,4,bank_array_pim_region,309.42231940474346,309.4523894999028
0,dram_3,2,5,bank_array_pim_region,309.45928800403453,309.5071605967543
0,dram_3,2,6,bank_array_pim_region,309.4885759766712,309.5564878745955
0,dram_3,2,7,bank_array_pim_region,309.4973565706359,309.58329092140866
0,dram_3,2,8,bank_array_pim_region,309.7796061845217,309.85633691241776
0,dram_3,2,9,bank_array_pim_region,309.7129684989572,309.782462026058
0,dram_3,2,10,bank_array_pim_region,309.6280282760622,309.68958082509886
0,dram_3,2,11,bank_array_pim_region,309.5441054953786,309.5983510994547
0,dram_3,2,12,bank_array_pim_region,309.01322526298645,309.5958214093838
0,dram_3,2,13,bank_array_pim_region,308.966361161441,309.52320702749637
0,dram_3,2,14,bank_array_pim_region,308.9089869067698,309.43254316609
0,dram_3,2,15,bank_array_pim_region,308.85174928617363,309.34380281928156
0,dram_3,3,0,bank_array_pim_region,309.24162092885325,309.52193683207446
0,dram_3,3,1,bank_array_pim_region,309.21177704851425,309.4846200027333
0,dram_3,3,2,bank_array_pim_region,309.16945860823796,309.43226419731434
0,dram_3,3,3,bank_array_pim_region,309.1383951620387,309.39646378123746
0,dram_3,3,4,bank_array_pim_region,309.4811424126414,309.5756556767058
0,dram_3,3,5,bank_array_pim_region,309.4432886897524,309.5369565165839
0,dram_3,3,6,bank_array_pim_region,309.3964283445902,309.48335684726015
0,dram_3,3,7,bank_array_pim_region,309.3643982582803,309.4464325388975
0,dram_3,3,8,bank_array_pim_region,309.4717618943266,309.5203949254392
0,dram_3,3,9,bank_array_pim_region,309.4170691168101,309.4624754752167
0,dram_3,3,10,bank_array_pim_region,309.3870052339573,309.4319920893179
0,dram_3,3,11,bank_array_pim_region,309.39221852892524,309.4397707034197
0,dram_3,3,12,bank_array_pim_region,308.8007585145366,309.2679418435113
0,dram_3,3,13,bank_array_pim_region,308.75961905024775,309.2111873074689
0,dram_3,3,14,bank_array_pim_region,308.7321334325851,309.1805963766817
0,dram_3,3,15,bank_array_pim_region,308.7236695578167,309.1869541549895
0,dram_3,4,0,bank_array_pim_region,309.12879950468545,309.3908485975409
0,dram_3,4,1,bank_array_pim_region,309.1379046155844,309.41183841817235
0,dram_3,4,2,bank_array_pim_region,309.14808331957084,309.43610869471536
0,dram_3,4,3,bank_array_pim_region,309.12391133782387,309.41658189179805
0,dram_3,4,4,bank_array_pim_region,309.35682481954933,309.4397601556531
0,dram_3,4,5,bank_array_pim_region,309.3695063514649,309.45967908710657
0,dram_3,4,6,bank_array_pim_region,309.3824457376251,309.4827723888925
0,dram_3,4,7,bank_array_pim_region,309.3572718875454,309.4618787729964
0,dram_3,4,8,bank_array_pim_region,309.43462883262964,309.4873726965381
0,dram_3,4,9,bank_array_pim_region,309.5046185976868,309.5641062496567
0,dram_3,4,10,bank_array_pim_region,309.57303990655646,309.6388842419759
0,dram_3,4,11,bank_array_pim_region,309.58343505754505,309.65270462348457
0,dram_3,4,12,bank_array_pim_region,308.73480791988425,309.2322671592934
0,dram_3,4,13,bank_array_pim_region,308.75987440269006,309.3068719114964
0,dram_3,4,14,bank_array_pim_region,308.7829393098437,309.3812179842666
0,dram_3,4,15,bank_array_pim_region,308.77416897316664,309.39796639270605
0,dram_3,5,0,bank_array_pim_region,309.0481589815454,309.3302905518774
0,dram_3,5,1,bank_array_pim_region,308.9197025246389,309.17550497832417
0,dram_3,5,2,bank_array_pim_region,308.7536770835645,308.9719233632523
0,dram_3,5,3,bank_array_pim_region,308.5840039534585,308.76410510687685
0,dram_3,5,4,bank_array_pim_region,309.27494909067593,309.3739768563436
0,dram_3,5,5,bank_array_pim_region,309.1341430886939,309.2173270916015
0,dram_3,5,6,bank_array_pim_region,308.95138175505724,309.0116646504164
0,dram_3,5,7,bank_array_pim_region,308.76314933245334,308.80162389649587
0,dram_3,5,8,bank_array_pim_region,309.5091565476217,309.57737444882935
0,dram_3,5,9,bank_array_pim_region,309.3489220779127,309.41144586150244
0,dram_3,5,10,bank_array_pim_region,309.1268545472765,309.18025447567067
0,dram_3,5,11,bank_array_pim_region,308.89707209119047,308.94013111632063
0,dram_3,5,12,bank_array_pim_region,308.7193149269043,309.3299772870016
0,dram_3,5,13,bank_array_pim_region,308.61776436157146,309.1758575701654
0,dram_3,5,14,bank_array_pim_region,308.4825689078217,308.9599809958993
0,dram_3,5,15,bank_array_pim_region,308.3424867232412,308.73705020910734
0,dram_3,6,0,bank_array_pim_region,308.42833590907856,308.57484412899544
0,dram_3,6,1,bank_array_pim_region,308.293126546471,308.41202739723036
0,dram_3,6,2,bank_array_pim_region,308.17980025773045,308.276923353813
0,dram_3,6,3,bank_array_pim_region,308.08783323363804,308.1683165270724
0,dram_3,6,4,bank_array_pim_region,308.5891544907149,308.6106486793948
0,dram_3,6,5,bank_array_pim_region,308.43711338050457,308.4497566390651
0,dram_3,6,6,bank_array_pim_region,308.3091106043663,308.31589822070333
0,dram_3,6,7,bank_array_pim_region,308.2049085302659,308.2082811439671
0,dram_3,6,8,bank_array_pim_region,308.6869599807143,308.7200912278272
0,dram_3,6,9,bank_array_pim_region,308.50594683705737,308.5326184078714
0,dram_3,6,10,bank_array_pim_region,308.35563587175545,308.3805644333925
0,dram_3,6,11,bank_array_pim_region,308.2347410909589,308.2583881694176
0,dram_3,6,12,bank_array_pim_region,308.2127168916789,308.5344814322563
0,dram_3,6,13,bank_array_pim_region,308.0990863589235,308.3613171942092
0,dram_3,6,14,bank_array_pim_region,308.003170932565,308.21864737353513
0,dram_3,6,15,bank_array_pim_region,307.92485531152715,308.10471598795687
0,dram_3,7,0,bank_array_pim_region,308.0160977576196,308.08430254334246
0,dram_3,7,1,bank_array_pim_region,307.96343224915694,308.02303793546037
0,dram_3,7,2,bank_array_pim_region,307.9288773076607,307.98303998192284
0,dram_3,7,3,bank_array_pim_region,307.9117683436916,307.9632959240698
0,dram_3,7,4,bank_array_pim_region,308.1234593237747,308.1313174476521
0,dram_3,7,5,bank_array_pim_region,308.06358227365934,308.0740458268621
0,dram_3,7,6,bank_array_pim_region,308.0242641595716,308.03613722928145
0,dram_3,7,7,bank_array_pim_region,308.00478865100524,308.01727483068413
0,dram_3,7,8,bank_array_pim_region,308.141179898699,308.16390077507697
0,dram_3,7,9,bank_array_pim_region,308.0729281597349,308.0950036293009
0,dram_3,7,10,bank_array_pim_region,308.02835632836786,308.05002151246083
0,dram_3,7,11,bank_array_pim_region,308.006350813096,308.0278161195331
0,dram_3,7,12,bank_array_pim_region,307.86345418274055,308.0170756556021
0,dram_3,7,13,bank_array_pim_region,307.818192316955,307.95344663414824
0,dram_3,7,14,bank_array_pim_region,307.7884076419694,307.91203470522987
0,dram_3,7,15,bank_array_pim_region,307.7736343032367,307.8916307776076
0,dram_4,0,0,bank_array_pim_region,308.71090549299595,308.8650257678124
0,dram_4,0,1,bank_array_pim_region,308.7281376196214,308.8868567654237
0,dram_4,0,2,bank_array_pim_region,308.75870785955135,308.9254250707113
0,dram_4,0,3,bank_array_pim_region,308.7954336636496,308.9713319904146
0,dram_4,0,4,bank_array_pim_region,308.9988601436196,309.0850579954294
0,dram_4,0,5,bank_array_pim_region,309.0174867011655,309.0989868049498
0,dram_4,0,6,bank_array_pim_region,309.050198431568,309.12339193131
0,dram_4,0,7,bank_array_pim_region,309.0887233157038,309.15249733790057
0,dram_4,0,8,bank_array_pim_region,309.3821964047733,309.44916100254096
0,dram_4,0,9,bank_array_pim_region,309.4122433254941,309.4807809145463
0,dram_4,0,10,bank_array_pim_region,309.46321949003527,309.53435014287237
0,dram_4,0,11,bank_array_pim_region,309.5179902208871,309.5918046894236
0,dram_4,0,12,bank_array_pim_region,308.81742460309033,309.22896824210886
0,dram_4,0,13,bank_array_pim_region,308.83273582038584,309.25856864460764
0,dram_4,0,14,bank_array_pim_region,308.85840782319735,309.30852182864146
0,dram_4,0,15,bank_array_pim_region,308.88521015673706,309.3614736185292
0,dram_4,1,0,bank_array_pim_region,308.83387495249167,309.0188862624251
0,dram_4,1,1,bank_array_pim_region,308.87242203976996,309.0661977063702
0,dram_4,1,2,bank_array_pim_region,308.91131372841244,309.1138561654685
0,dram_4,1,3,bank_array_pim_region,308.9516562795622,309.1636212434337
0,dram_4,1,4,bank_array_pim_region,309.12761818945177,309.18122630202083
0,dram_4,1,5,bank_array_pim_region,309.164527734958,309.2060319454516
0,dram_4,1,6,bank_array_pim_region,309.19920293121766,309.2246295709797
0,dram_4,1,7,bank_array_pim_region,309.2325392152124,309.241852068474
0,dram_4,1,8,bank_array_pim_region,309.56500589990276,309.6407702823346
0,dram_4,1,9,bank_array_pim_region,309.5977251421372,309.6741101447259
0,dram_4,1,10,bank_array_pim_region,309.6115112278602,309.68678519013076
0,dram_4,1,11,bank_array_pim_region,309.60204917351996,309.6742651091467
0,dram_4,1,12,bank_array_pim_region,308.9067265084787,309.4058047980485
0,dram_4,1,13,bank_array_pim_region,308.91918092178975,309.43503559256345
0,dram_4,1,14,bank_array_pim_region,308.9199098603799,309.44463130040066
0,dram_4,1,15,bank_array_pim_region,308.9065972896412,309.4303810501678
0,dram_4,2,0,bank_array_pim_region,308.9933640216728,309.21567667423807
0,dram_4,2,1,bank_array_pim_region,309.03398056012406,309.2670516270616
0,dram_4,2,2,bank_array_pim_region,309.0673632786333,309.30984599588965
0,dram_4,2,3,bank_array_pim_region,309.0839242655974,309.33151737579885
0,dram_4,2,4,bank_array_pim_region,309.2646441654171,309.28653760564407
0,dram_4,2,5,bank_array_pim_region,309.2937253758607,309.3303261322997
0,dram_4,2,6,bank_array_pim_region,309.3147627638808,309.3658942625611
0,dram_4,2,7,bank_array_pim_region,309.3195610352781,309.38440535979436
0,dram_4,2,8,bank_array_pim_region,309.5680085232184,309.63530584232535
0,dram_4,2,9,bank_array_pim_region,309.51192251204213,309.5729004670746
0,dram_4,2,10,bank_array_pim_region,309.4416616345984,309.4957661961445
0,dram_4,2,11,bank_array_pim_region,309.3707007970413,309.41846836322065
0,dram_4,2,12,bank_array_pim_region,308.87867916613095,309.39112757109103
0,dram_4,2,13,bank_array_pim_region,308.8378164930237,309.3296905414863
0,dram_4,2,14,bank_array_pim_region,308.7886154344278,309.25436745553196
0,dram_4,2,15,bank_array_pim_region,308.738645738027,309.17914447169625
0,dram_4,3,0,bank_array_pim_region,309.0793413281094,309.326459955974
0,dram_4,3,1,bank_array_pim_region,309.0559133182104,309.29779888620334
0,dram_4,3,2,bank_array_pim_region,309.02323199012,309.25830915297377
0,dram_4,3,3,bank_array_pim_region,308.99691871941934,309.2287868103907
0,dram_4,3,4,bank_array_pim_region,309.30498342498095,309.3779071260714
0,dram_4,3,5,bank_array_pim_region,309.27414000992417,309.3479129303187
0,dram_4,3,6,bank_array_pim_region,309.2370582763448,309.30721324719974
0,dram_4,3,7,bank_array_pim_region,309.20939062656873,309.27658764519003
0,dram_4,3,8,bank_array_pim_region,309.30833759725965,309.35121783001864
0,dram_4,3,9,bank_array_pim_region,309.26079079467183,309.3008529773932
0,dram_4,3,10,bank_array_pim_region,309.23415090711575,309.273825648495
0,dram_4,3,11,bank_array_pim_region,309.2350614876091,309.2768742331816
0,dram_4,3,12,bank_array_pim_region,308.69328369259665,309.11365795794336
0,dram_4,3,13,bank_array_pim_region,308.6561514130614,309.064281044577
0,dram_4,3,14,bank_array_pim_region,308.63057013751353,309.03717970667765
0,dram_4,3,15,bank_array_pim_region,308.61987198277166,309.0390854963829
0,dram_4,4,0,bank_array_pim_region,308.9845297558789,309.2193209373387
0,dram_4,4,1,bank_array_pim_region,308.9833227403535,309.2263475050619
0,dram_4,4,2,bank_array_pim_region,308.979230985026,309.23125697808587
0,dram_4,4,3,bank_array_pim_region,308.9485078320998,309.2025061572809
0,dram_4,4,4,bank_array_pim_region,309.1981237082318,309.2660774512043
0,dram_4,4,5,bank_array_pim_region,309.1992298491088,309.2720467223985
0,dram_4,4,6,bank_array_pim_region,309.1966413207499,309.275803525252
0,dram_4,4,7,bank_array_pim_region,309.1642898406455,309.2457302424481
0,dram_4,4,8,bank_array_pim_region,309.2636053185165,309.3097165057183
0,dram_4,4,9,bank_array_pim_region,309.30995607634696,309.36156201411785
0,dram_4,4,10,bank_array_pim_region,309.3499338720899,309.40661081794514
0,dram_4,4,11,bank_array_pim_region,309.3453956756618,309.4047516254864
0,dram_4,4,12,bank_array_pim_region,308.6237415676904,309.0701320787459
0,dram_4,4,13,bank_array_pim_region,308.63649833702846,309.12043780020736
0,dram_4,4,14,bank_array_pim_region,308.64490997729445,309.16551796978996
0,dram_4,4,15,bank_array_pim_region,308.62864029290324,309.1666444535271
0,dram_4,5,0,bank_array_pim_region,308.8777321649486,309.12218536947654
0,dram_4,5,1,bank_array_pim_region,308.7660952432119,308.9889922319772
0,dram_4,5,2,bank_array_pim_region,308.6255922208051,308.81847514652037
0,dram_4,5,3,bank_array_pim_region,308.4792393645509,308.6407111324013
0,dram_4,5,4,bank_array_pim_region,309.08727608983816,309.1638694865449
0,dram_4,5,5,bank_array_pim_region,308.96460587811305,309.028910493405
0,dram_4,5,6,bank_array_pim_region,308.8093901444777,308.85643514445263
0,dram_4,5,7,bank_array_pim_region,308.64663499851406,308.67658811988315
0,dram_4,5,8,bank_array_pim_region,309.27534206235964,309.33373490471723
0,dram_4,5,9,bank_array_pim_region,309.1387429735924,309.1923837202978
0,dram_4,5,10,bank_array_pim_region,308.954605460488,309.0006613034041
0,dram_4,5,11,bank_array_pim_region,308.7593452358386,308.7966623271255
0,dram_4,5,12,bank_array_pim_region,308.5764452959992,309.10244643841565
0,dram_4,5,13,bank_array_pim_region,308.4878504652224,308.9717888924016
0,dram_4,5,14,bank_array_pim_region,308.3731931458291,308.7938234022668
0,dram_4,5,15,bank_array_pim_region,308.25206306808514,308.60527734812723
0,dram_4,6,0,bank_array_pim_region,308.34198211087954,308.47494644289435
0,dram_4,6,1,bank_array_pim_region,308.22074344979154,308.3297493107594
0,dram_4,6,2,bank_array_pim_region,308.11791776746617,308.20772555183265
0,dram_4,6,3,bank_array_pim_region,308.03378432637237,308.1087626911248
0,dram_4,6,4,bank_array_pim_region,308.4930235432658,308.5109084636279
0,dram_4,6,5,bank_array_pim_region,308.35663076356894,308.3672219015584
0,dram_4,6,6,bank_array_pim_region,308.240497435581,308.24614804246346
0,dram_4,6,7,bank_array_pim_region,308.1452100926334,308.14954084439404
0,dram_4,6,8,bank_array_pim_region,308.5760898207352,308.6048703060134
0,dram_4,6,9,bank_array_pim_region,308.4151190597629,308.4408403307449
0,dram_4,6,10,bank_array_pim_region,308.27963828177616,308.30381728043784
0,dram_4,6,11,bank_array_pim_region,308.1696587374189,308.19268294979383
0,dram_4,6,12,bank_array_pim_region,308.13733644064143,308.42924758294396
0,dram_4,6,13,bank_array_pim_region,308.03517760933664,308.2756842492238
0,dram_4,6,14,bank_array_pim_region,307.94792856875495,308.14735754055937
0,dram_4,6,15,bank_array_pim_region,307.8761110682977,308.0438722409076
0,dram_4,7,0,bank_array_pim_region,307.96778399117454,308.03173646902866
0,dram_4,7,1,bank_array_pim_region,307.9191389929405,307.9753292249774
0,dram_4,7,2,bank_array_pim_region,307.8871401174039,307.9384001745565
0,dram_4,7,3,bank_array_pim_region,307.87127364203957,307.9201422138407
0,dram_4,7,4,bank_array_pim_region,308.0703188348101,308.0785081105619
0,dram_4,7,5,bank_array_pim_region,308.0150540705912,308.0254996641115
0,dram_4,7,6,bank_array_pim_region,307.97867433740544,307.99034493449733
0,dram_4,7,7,bank_array_pim_region,307.9606288003441,307.97283306283305
0,dram_4,7,8,bank_array_pim_region,308.08400141636207,308.1061793514717
0,dram_4,7,9,bank_array_pim_region,308.02124375033446,308.0428261420002
0,dram_4,7,10,bank_array_pim_region,307.9801438800715,308.0013452574604
0,dram_4,7,11,bank_array_pim_region,307.9598200173128,307.9811987346836
0,dram_4,7,12,bank_array_pim_region,307.81948970994125,307.96372739918155
0,dram_4,7,13,bank_array_pim_region,307.77759193507677,307.9052708447443
0,dram_4,7,14,bank_array_pim_region,307.74995242991946,307.8671105645529
0,dram_4,7,15,bank_array_pim_region,307.73622379120866,307.8482766304168
0,dram_5,0,0,bank_array_pim_region,308.6153034077134,308.7555780890074
0,dram_5,0,1,bank_array_pim_region,308.6291670033962,308.77304335641594
0,dram_5,0,2,bank_array_pim_region,308.65391703941077,308.80409216143414
0,dram_5,0,3,bank_array_pim_region,308.68451263426005,308.8421631474463
0,dram_5,0,4,bank_array_pim_region,308.88501349011096,308.9683487577794
0,dram_5,0,5,bank_array_pim_region,308.8999082515279,308.9797653981794
0,dram_5,0,6,bank_array_pim_region,308.92619927654334,308.9998348060577
0,dram_5,0,7,bank_array_pim_region,308.95798183057457,309.024014610172
0,dram_5,0,8,bank_array_pim_region,309.22512595348604,309.2842258349925
0,dram_5,0,9,bank_array_pim_region,309.24818817158865,309.30852536371043
0,dram_5,0,10,bank_array_pim_region,309.287295180647,309.3496665792477
0,dram_5,0,11,bank_array_pim_region,309.3302991397823,309.39477504108015
0,dram_5,0,12,bank_array_pim_region,308.7087968934533,309.07821140461675
0,dram_5,0,13,bank_array_pim_region,308.720400509821,309.100770405647
0,dram_5,0,14,bank_array_pim_region,308.73977918116,309.13878403941743
0,dram_5,0,15,bank_array_pim_region,308.7603237221659,309.17997190739
0,dram_5,1,0,bank_array_pim_region,308.71734896631165,308.8826573301216
0,dram_5,1,1,bank_array_pim_region,308.7508064630358,308.9236497284085
0,dram_5,1,2,bank_array_pim_region,308.7846902711012,308.96513084731095
0,dram_5,1,3,bank_array_pim_region,308.81936335761065,309.0078476577441
0,dram_5,1,4,bank_array_pim_region,308.9908137287838,309.0480575117132
0,dram_5,1,5,bank_array_pim_region,309.0224303532105,309.06881934980373
0,dram_5,1,6,bank_array_pim_region,309.0522186068439,309.0841996188293
0,dram_5,1,7,bank_array_pim_region,309.0803830927969,309.0928824315062
0,dram_5,1,8,bank_array_pim_region,309.3676847335137,309.4336512566024
0,dram_5,1,9,bank_array_pim_region,309.39333951772187,309.45966622245567
0,dram_5,1,10,bank_array_pim_region,309.4029881347817,309.4681975046841
0,dram_5,1,11,bank_array_pim_region,309.3933591223623,309.45580672679347
0,dram_5,1,12,bank_array_pim_region,308.7767351138348,309.21478130103355
0,dram_5,1,13,bank_array_pim_region,308.785518190444,309.23715721604503
0,dram_5,1,14,bank_array_pim_region,308.7842372235599,309.2429213139874
0,dram_5,1,15,bank_array_pim_region,308.77113113393636,309.22891544806146
0,dram_5,2,0,bank_array_pim_region,308.8543120967821,309.0513897869331
0,dram_5,2,1,bank_array_pim_region,308.8871616906234,309.09286935129256
0,dram_5,2,2,bank_array_pim_region,308.91299509435703,309.12599393227845
0,dram_5,2,3,bank_array_pim_region,308.92524853916285,309.14223090365147
0,dram_5,2,4,bank_array_pim_region,309.1066013698142,309.12182462369987
0,dram_5,2,5,bank_array_pim_region,309.1290879674267,309.1564385045586
0,dram_5,2,6,bank_array_pim_region,309.1438849444611,309.18300574329436
0,dram_5,2,7,bank_array_pim_region,309.1455854096385,309.1934924857817
0,dram_5,2,8,bank_array_pim_region,309.3636101908256,309.42174397430966
0,dram_5,2,9,bank_array_pim_region,309.31614350932284,309.3688167158803
0,dram_5,2,10,bank_array_pim_region,309.25738145472206,309.3041602739662
0,dram_5,2,11,bank_array_pim_region,309.1971367386066,309.23847585731465
0,dram_5,2,12,bank_array_pim_region,308.74587942897716,309.1944679010967
0,dram_5,2,13,bank_array_pim_region,308.71003418342076,309.1422416564742
0,dram_5,2,14,bank_array_pim_region,308.6673843147231,309.0790211181765
0,dram_5,2,15,bank_array_pim_region,308.6235363015485,309.01502527434656
0,dram_5,3,0,bank_array_pim_region,308.9208340644997,309.13760770748854
0,dram_5,3,1,bank_array_pim_region,308.90175252538194,309.1148522789588
0,dram_5,3,2,bank_array_pim_region,308.8753314944496,309.0837302842689
0,dram_5,3,3,bank_array_pim_region,308.85213839645036,309.0583095923894
0,dram_5,3,4,bank_array_pim_region,309.13211510227507,309.18664511340756
0,dram_5,3,5,bank_array_pim_region,309.10618404765137,309.1626085865629
0,dram_5,3,6,bank_array_pim_region,309.07548868074673,309.1303128997261
0,dram_5,3,7,bank_array_pim_region,309.0505817232023,309.1038116126816
0,dram_5,3,8,bank_array_pim_region,309.14323956737127,309.1803658015072
0,dram_5,3,9,bank_array_pim_region,309.1014293648501,309.1361085206561
0,dram_5,3,10,bank_array_pim_region,309.07676793701324,309.1110685727801
0,dram_5,3,11,bank_array_pim_region,309.07344731141995,309.1094796312894
0,dram_5,3,12,bank_array_pim_region,308.58303338944114,308.95837116894256
0,dram_5,3,13,bank_array_pim_region,308.5491975114039,308.9149428997079
0,dram_5,3,14,bank_array_pim_region,308.5247990903714,308.889871904833
0,dram_5,3,15,bank_array_pim_region,308.5119270266913,308.88740889543186
0,dram_5,4,0,bank_array_pim_region,308.8375562730845,309.04578139175635
0,dram_5,4,1,bank_array_pim_region,308.8290900969902,309.04289433497496
0,dram_5,4,2,bank_array_pim_region,308.8158790198704,309.03528205357924
0,dram_5,4,3,bank_array_pim_region,308.7815194822093,309.0011584877551
0,dram_5,4,4,bank_array_pim_region,309.03631638671044,309.09025396554955
0,dram_5,4,5,bank_array_pim_region,309.02907662294336,309.0863254766747
0,dram_5,4,6,bank_array_pim_region,309.01633995088537,309.0775876407
0,dram_5,4,7,bank_array_pim_region,308.9798701357644,309.0421894878586
0,dram_5,4,8,bank_array_pim_region,309.0904370732367,309.1299614047142
0,dram_5,4,9,bank_array_pim_region,309.1186439427525,309.1625805009121
0,dram_5,4,10,bank_array_pim_region,309.13870831707675,309.1866466633744
0,dram_5,4,11,bank_array_pim_region,309.1239361030267,309.1739380340052
0,dram_5,4,12,bank_array_pim_region,308.509744314627,308.9065518657945
0,dram_5,4,13,bank_array_pim_region,308.51304303642667,308.93815474534995
0,dram_5,4,14,bank_array_pim_region,308.5111998412754,308.9626345563747
0,dram_5,4,15,bank_array_pim_region,308.48987465083155,308.95290626436747
0,dram_5,5,0,bank_array_pim_region,308.71590493406103,308.92701481779386
0,dram_5,5,1,bank_array_pim_region,308.61850020068067,308.8119216547464
0,dram_5,5,2,bank_array_pim_region,308.4985454169082,308.6677910006726
0,dram_5,5,3,bank_array_pim_region,308.3722885512911,308.51573297286564
0,dram_5,5,4,bank_array_pim_region,308.90836790870753,308.9665808117209
0,dram_5,5,5,bank_array_pim_region,308.8011378337353,308.84982537672596
0,dram_5,5,6,bank_array_pim_region,308.6683009196154,308.7038651657279
0,dram_5,5,7,bank_array_pim_region,308.5276563220634,308.5502556956726
0,dram_5,5,8,bank_array_pim_region,309.0583047027246,309.10743524988084
0,dram_5,5,9,bank_array_pim_region,308.94101909517826,308.9862149539485
0,dram_5,5,10,bank_array_pim_region,308.78659342659785,308.82553221763993
0,dram_5,5,11,bank_array_pim_region,308.6205108777592,308.6521489780489
0,dram_5,5,12,bank_array_pim_region,308.44047083708523,308.8926716616913
0,dram_5,5,13,bank_array_pim_region,308.36264347711216,308.78103685012525
0,dram_5,5,14,bank_array_pim_region,308.26434813805224,308.6325797171744
0,dram_5,5,15,bank_array_pim_region,308.1594582439433,308.472923896835
0,dram_5,6,0,bank_array_pim_region,308.2519557108439,308.37143118900525
0,dram_5,6,1,bank_array_pim_region,308.1441817545889,308.2431272718429
0,dram_5,6,2,bank_array_pim_region,308.05180783402477,308.1340693779588
0,dram_5,6,3,bank_array_pim_region,307.9756393569021,308.0448812468413
0,dram_5,6,4,bank_array_pim_region,308.39287487356637,308.40745729647927
0,dram_5,6,5,bank_array_pim_region,308.2716118849855,308.2802651560573
0,dram_5,6,6,bank_array_pim_region,308.1673162191767,308.17186848989763
0,dram_5,6,7,bank_array_pim_region,308.0811039108032,308.08634644795086
0,dram_5,6,8,bank_array_pim_region,308.46159980449283,308.48808429572415
0,dram_5,6,9,bank_array_pim_region,308.319751146013,308.34450736231605
0,dram_5,6,10,bank_array_pim_region,308.19892561444595,308.22232787097875
0,dram_5,6,11,bank_array_pim_region,308.0999879575346,308.12235815598484
0,dram_5,6,12,bank_array_pim_region,308.058518310739,308.3208198552586
0,dram_5,6,13,bank_array_pim_region,307.9673981404751,308.1858698519263
0,dram_5,6,14,bank_array_pim_region,307.8887684735485,308.07166361426084
0,dram_5,6,15,bank_array_pim_region,307.82355579304334,307.97871515628526
0,dram_5,7,0,bank_array_pim_region,307.91555120605256,307.9750413042682
0,dram_5,7,1,bank_array_pim_region,307.8710869699574,307.9236758716388
0,dram_5,7,2,bank_array_pim_region,307.84175994905206,307.88995016487604
0,dram_5,7,3,bank_array_pim_region,307.8271958465944,307.8732480455898
0,dram_5,7,4,bank_array_pim_region,308.0129777802128,308.0214712189009
0,dram_5,7,5,bank_array_pim_region,307.9625111117207,307.9729156345765
0,dram_5,7,6,bank_array_pim_region,307.92920363077974,307.9406481385473
0,dram_5,7,7,bank_array_pim_region,307.91265723722927,307.92455508953174
0,dram_5,7,8,bank_array_pim_region,308.0224490250762,308.04405238134456
0,dram_5,7,9,bank_array_pim_region,307.96538935149,307.9864476824549
0,dram_5,7,10,bank_array_pim_region,307.92791137780796,307.94897157037406
0,dram_5,7,11,bank_array_pim_region,307.90934724079113,307.9315695337868
0,dram_5,7,12,bank_array_pim_region,307.7718611063823,307.9062527935131
0,dram_5,7,13,bank_array_pim_region,307.73346139096594,307.8531522239379
0,dram_5,7,14,bank_array_pim_region,307.7080642454337,307.818379930774
0,dram_5,7,15,bank_array_pim_region,307.695430681493,307.8011872495497
0,dram_6,0,0,bank_array_pim_region,308.51633981663974,308.64290169600406
0,dram_6,0,1,bank_array_pim_region,308.5274802644743,308.6568652760178
0,dram_6,0,2,bank_array_pim_region,308.54750323696453,308.68185937036185
0,dram_6,0,3,bank_array_pim_region,308.57275136724456,308.7131492888867
0,dram_6,0,4,bank_array_pim_region,308.7672894281164,308.8468148759079
0,dram_6,0,5,bank_array_pim_region,308.779156071846,308.85603350540345
0,dram_6,0,6,bank_array_pim_region,308.8002166446678,308.87227770177753
0,dram_6,0,7,bank_array_pim_region,308.826130927176,308.89196728850396
0,dram_6,0,8,bank_array_pim_region,309.0649625587664,309.1161555553783
0,dram_6,0,9,bank_array_pim_region,309.08262223635586,309.13477317771856
0,dram_6,0,10,bank_array_pim_region,309.11259451445846,309.16631430224487
0,dram_6,0,11,bank_array_pim_region,309.1459972830144,309.20132881897996
0,dram_6,0,12,bank_array_pim_region,308.5967638187407,308.9247840107257
0,dram_6,0,13,bank_array_pim_region,308.6054803664679,308.9419221378189
0,dram_6,0,14,bank_array_pim_region,308.6199819635542,308.9707955198386
0,dram_6,0,15,bank_array_pim_region,308.63539769620024,309.0024450427519
0,dram_6,1,0,bank_array_pim_region,308.6003364478632,308.747069849437
0,dram_6,1,1,bank_array_pim_region,308.6287506159954,308.7818225286821
0,dram_6,1,2,bank_array_pim_region,308.6575531643581,308.8170475970036
0,dram_6,1,3,bank_array_pim_region,308.6866744484822,308.85289216977696
0,dram_6,1,4,bank_array_pim_region,308.8533252994861,308.9116016318809
0,dram_6,1,5,bank_array_pim_region,308.87975086735565,308.9284705676823
0,dram_6,1,6,bank_array_pim_region,308.90461962324974,308.9407059128339
0,dram_6,1,7,bank_array_pim_region,308.92774625558434,308.94712084369485
0,dram_6,1,8,bank_array_pim_region,309.1751568465554,309.2315857244773
0,dram_6,1,9,bank_array_pim_region,309.19471467136555,309.2512920746421
0,dram_6,1,10,bank_array_pim_region,309.20092630758893,309.256412945195
0,dram_6,1,11,bank_array_pim_region,309.1912440405599,309.24427258900664
0,dram_6,1,12,bank_array_pim_region,308.6474427001078,309.02918408702834
0,dram_6,1,13,bank_array_pim_region,308.6530670720263,309.04571087299485
0,dram_6,1,14,bank_array_pim_region,308.65014861329803,309.04837377051444
0,dram_6,1,15,bank_array_pim_region,308.6373165544926,309.0347396279019
0,dram_6,2,0,bank_array_pim_region,308.71538595279026,308.8886345726022
0,dram_6,2,1,bank_array_pim_region,308.7415417863699,308.9216654977107
0,dram_6,2,2,bank_array_pim_region,308.76125634308454,308.94704127121554
0,dram_6,2,3,bank_array_pim_region,308.7698797217312,308.9587590665974
0,dram_6,2,4,bank_array_pim_region,308.9485834167594,308.95839898938567
0,dram_6,2,5,bank_array_pim_region,308.96549682308614,308.98527936260484
0,dram_6,2,6,bank_array_pim_region,308.97540799069964,309.0047594504019
0,dram_6,2,7,bank_array_pim_region,308.9746219950429,309.011251439756
0,dram_6,2,8,bank_array_pim_region,309.16513485476673,309.2144288421177
0,dram_6,2,9,bank_array_pim_region,309.1247127350545,309.1693438784481
0,dram_6,2,10,bank_array_pim_region,309.07511709677146,309.11474806647584
0,dram_6,2,11,bank_array_pim_region,309.023706673418,309.0587206725253
0,dram_6,2,12,bank_array_pim_region,308.6144005198755,309.00443737427975
0,dram_6,2,13,bank_array_pim_region,308.5827634877514,308.95981348337705
0,dram_6,2,14,bank_array_pim_region,308.5454653820276,308.9063122025672
0,dram_6,2,15,bank_array_pim_region,308.5067704579145,308.8516193507374
0,dram_6,3,0,bank_array_pim_region,308.7652086567326,308.9540136006786
0,dram_6,3,1,bank_array_pim_region,308.74889419068114,308.9350657726632
0,dram_6,3,2,bank_array_pim_region,308.7264513422664,308.9092723974604
0,dram_6,3,3,bank_array_pim_region,308.705218912927,308.88640466563106
0,dram_6,3,4,bank_array_pim_region,308.9617872347818,309.0022139419511
0,dram_6,3,5,bank_array_pim_region,308.93915926160105,308.9803536248529
0,dram_6,3,6,bank_array_pim_region,308.91255969408707,308.9534248087115
0,dram_6,3,7,bank_array_pim_region,308.8892899174668,308.9295009973464
0,dram_6,3,8,bank_array_pim_region,308.97689655132854,309.0083176424765
0,dram_6,3,9,bank_array_pim_region,308.93965389895095,308.9692742457532
0,dram_6,3,10,bank_array_pim_region,308.91605969434863,308.94580369279015
0,dram_6,3,11,bank_array_pim_region,308.9088027692303,308.9390804194721
0,dram_6,3,12,bank_array_pim_region,308.470419894513,308.80239084269397
0,dram_6,3,13,bank_array_pim_region,308.4392877553538,308.763724562634
0,dram_6,3,14,bank_array_pim_region,308.4156202222797,308.7397649790964
0,dram_6,3,15,bank_array_pim_region,308.4007492613092,308.7332432446089
0,dram_6,4,0,bank_array_pim_region,308.6889901543385,308.87153219347175
0,dram_6,4,1,bank_array_pim_region,308.6756234552664,308.8618575791152
0,dram_6,4,2,bank_array_pim_region,308.6568531820861,308.8464448768647
0,dram_6,4,3,bank_array_pim_region,308.621053965637,308.80984779742556
0,dram_6,4,4,bank_array_pim_region,308.8726716244226,308.9136158709318
0,dram_6,4,5,bank_array_pim_region,308.85961178015833,308.9029178781095
0,dram_6,4,6,bank_array_pim_region,308.8404863722142,308.88640933523305
0,dram_6,4,7,bank_array_pim_region,308.80222404369897,308.8485886109787
0,dram_6,4,8,bank_array_pim_region,308.9163499214494,308.949403594371
0,dram_6,4,9,bank_array_pim_region,308.93079679762957,308.9673369145443
0,dram_6,4,10,bank_array_pim_region,308.93691846514184,308.97657840166147
0,dram_6,4,11,bank_array_pim_region,308.9154873408131,308.95671208797955
0,dram_6,4,12,bank_array_pim_region,308.39363134621897,308.7426426480342
0,dram_6,4,13,bank_array_pim_region,308.38976216956615,308.76001421698055
0,dram_6,4,14,bank_array_pim_region,308.3807662896305,308.7699713336681
0,dram_6,4,15,bank_array_pim_region,308.3562567412791,308.75301977825086
0,dram_6,5,0,bank_array_pim_region,308.5607252685313,308.74201563546654
0,dram_6,5,1,bank_array_pim_region,308.4755613618233,308.6423340143021
0,dram_6,5,2,bank_array_pim_region,308.3726462168482,308.51987673558864
0,dram_6,5,3,bank_array_pim_region,308.2638490167801,308.3899722966224
0,dram_6,5,4,bank_array_pim_region,308.7363723469244,308.779369979916
0,dram_6,5,5,bank_array_pim_region,308.6424902857413,308.6781338013657
0,dram_6,5,6,bank_array_pim_region,308.5283516337821,308.5539804041065
0,dram_6,5,7,bank_array_pim_region,308.40703822280256,308.4249312746447
0,dram_6,5,8,bank_array_pim_region,308.85442626475424,308.8948734394711
0,dram_6,5,9,bank_array_pim_region,308.75315541629345,308.79037247771146
0,dram_6,5,10,bank_array_pim_region,308.62267594137745,308.6547788465337
0,dram_6,5,11,bank_array_pim_region,308.48143236564033,308.50845542111534
0,dram_6,5,12,bank_array_pim_region,308.30974569961995,308.6968766481813
0,dram_6,5,13,bank_array_pim_region,308.2410076795439,308.6008695743563
0,dram_6,5,14,bank_array_pim_region,308.15612854925695,308.4760088260159
0,dram_6,5,15,bank_array_pim_region,308.0652626881791,308.3407776088235
0,dram_6,6,0,bank_array_pim_region,308.1590155763999,308.26519398507907
0,dram_6,6,1,bank_array_pim_region,308.0641026035882,308.15293822224425
0,dram_6,6,2,bank_array_pim_region,307.9820167705248,308.05658923273273
0,dram_6,6,3,bank_array_pim_region,307.9138498673986,307.97718936802977
0,dram_6,6,4,bank_array_pim_region,308.28957983192697,308.3011853477084
0,dram_6,6,5,bank_array_pim_region,308.1828119762091,308.18966325444273
0,dram_6,6,6,bank_array_pim_region,308.0901907262566,308.0936979845003
0,dram_6,6,7,bank_array_pim_region,308.0131056155681,308.0191995752896
0,dram_6,6,8,bank_array_pim_region,308.34449167730025,308.36975552149636
0,dram_6,6,9,bank_array_pim_region,308.2207180570556,308.24450506478934
0,dram_6,6,10,bank_array_pim_region,308.11421270092364,308.13681955208347
0,dram_6,6,11,bank_array_pim_region,308.02631083462865,308.0480027991457
0,dram_6,6,12,bank_array_pim_region,307.9769075801354,308.210135914077
0,dram_6,6,13,bank_array_pim_region,307.8963135365924,308.092692071314
0,dram_6,6,14,bank_array_pim_region,307.8261614730564,307.9922294523033
0,dram_6,6,15,bank_array_pim_region,307.76758165489196,307.9097811398815
0,dram_6,7,0,bank_array_pim_region,307.8597807016591,307.9146480397097
0,dram_6,7,1,bank_array_pim_region,307.8196087908306,307.868449627742
0,dram_6,7,2,bank_array_pim_region,307.79303887919104,307.8380248077027
0,dram_6,7,3,bank_array_pim_region,307.7798223291983,307.82293058198684
0,dram_6,7,4,bank_array_pim_region,307.9518714726447,307.9606363291856
0,dram_6,7,5,bank_array_pim_region,307.90633288599156,307.9166722602819
0,dram_6,7,6,bank_array_pim_region,307.87619644522465,307.8873928114087
0,dram_6,7,7,bank_array_pim_region,307.8612014497691,307.872771043021
0,dram_6,7,8,bank_array_pim_region,307.95700706461,307.97801008468923
0,dram_6,7,9,bank_array_pim_region,307.9057821089613,307.92629062894144
0,dram_6,7,10,bank_array_pim_region,307.87203411696515,307.8941319813752
0,dram_6,7,11,bank_array_pim_region,307.8552877124064,307.8783808858741
0,dram_6,7,12,bank_array_pim_region,307.72090198944414,307.84509505624067
0,dram_6,7,13,bank_array_pim_region,307.68609357046796,307.7974703862592
0,dram_6,7,14,bank_array_pim_region,307.6630103593159,307.76618303315735
0,dram_6,7,15,bank_array_pim_region,307.65150988726674,307.75068404868045
0,dram_7,0,0,bank_array_pim_region,308.41462271983187,308.52767461689126
0,dram_7,0,1,bank_array_pim_region,308.42352964968285,308.53879165049824
0,dram_7,0,2,bank_array_pim_region,308.43961900143495,308.55879382715364
0,dram_7,0,3,bank_array_pim_region,308.4601472128404,308.5841471478049
0,dram_7,0,4,bank_array_pim_region,308.64646876767927,308.72139664122903
0,dram_7,0,5,bank_array_pim_region,308.65584744773014,308.72868897428395
0,dram_7,0,6,bank_array_pim_region,308.67255429995873,308.74154477108664
0,dram_7,0,7,bank_array_pim_region,308.69331021885466,308.75714314530364
0,dram_7,0,8,bank_array_pim_region,308.9026600659401,308.9459670761291
0,dram_7,0,9,bank_array_pim_region,308.9161208432627,308.9601548689839
0,dram_7,0,10,bank_array_pim_region,308.9389574538249,308.9841745043096
0,dram_7,0,11,bank_array_pim_region,308.96449891017846,309.01091252320765
0,dram_7,0,12,bank_array_pim_region,308.48202389321625,308.76956063102443
0,dram_7,0,13,bank_array_pim_region,308.48848103509886,308.7825121849892
0,dram_7,0,14,bank_array_pim_region,308.49914771767357,308.804295305767
0,dram_7,0,15,bank_array_pim_region,308.5103469134914,308.82819573888224
0,dram_7,1,0,bank_array_pim_region,308.48281051417223,308.61194390051287
0,dram_7,1,1,bank_array_pim_region,308.50628073703973,308.640602035564
0,dram_7,1,2,bank_array_pim_region,308.5300221324626,308.66961163539236
0,dram_7,1,3,bank_array_pim_region,308.55375549753387,308.69881617967735
0,dram_7,1,4,bank_array_pim_region,308.71526351953105,308.7726462520188
0,dram_7,1,5,bank_array_pim_region,308.73664841700054,308.78578812644184
0,dram_7,1,6,bank_array_pim_region,308.75665209229203,308.79496691850807
0,dram_7,1,7,bank_array_pim_region,308.7749148871634,308.7991463847615
0,dram_7,1,8,bank_array_pim_region,308.98665284275467,309.0338320350792
0,dram_7,1,9,bank_array_pim_region,309.00095359127624,309.04811462460964
0,dram_7,1,10,bank_array_pim_region,309.0042684634533,309.05039310414395
0,dram_7,1,11,bank_array_pim_region,308.99458856486194,309.03856219365474
0,dram_7,1,12,bank_array_pim_region,308.51867047429334,308.8481249017468
0,dram_7,1,13,bank_array_pim_region,308.52158304968805,308.8596741087953
0,dram_7,1,14,bank_array_pim_region,308.517316178309,308.85979898481594
0,dram_7,1,15,bank_array_pim_region,308.5047932536047,308.8466007159508
0,dram_7,2,0,bank_array_pim_region,308.57670156139676,308.72740054433035
0,dram_7,2,1,bank_array_pim_region,308.5970129597058,308.7531263132656
0,dram_7,2,2,bank_array_pim_region,308.6116240199352,308.7721166664285
0,dram_7,2,3,bank_array_pim_region,308.6171027149991,308.7799710798985
0,dram_7,2,4,bank_array_pim_region,308.7908223979774,308.7977653241851
0,dram_7,2,5,bank_array_pim_region,308.80296036789093,308.8165489922222
0,dram_7,2,6,bank_array_pim_region,308.80893001888626,308.83029487618603
0,dram_7,2,7,bank_array_pim_region,308.8060782970291,308.83344714506245
0,dram_7,2,8,bank_array_pim_region,308.971552418038,309.0123438046653
0,dram_7,2,9,bank_array_pim_region,308.93691366424423,308.9737821594821
0,dram_7,2,10,bank_array_pim_region,308.89472614786644,308.927411879945
0,dram_7,2,11,bank_array_pim_region,308.8506117668985,308.8794331894791
0,dram_7,2,12,bank_array_pim_region,308.4839219957919,308.81986641761705
0,dram_7,2,13,bank_array_pim_region,308.4558397998396,308.78155278074803
0,dram_7,2,14,bank_array_pim_region,308.4229822182008,308.73596891124635
0,dram_7,2,15,bank_array_pim_region,308.3886429284835,308.68900300978777
0,dram_7,3,0,bank_array_pim_region,308.61182533782403,308.7746448321782
0,dram_7,3,1,bank_array_pim_region,308.59709077840864,308.7579279551797
0,dram_7,3,2,bank_array_pim_region,308.5770432006478,308.7353556798326
0,dram_7,3,3,bank_array_pim_region,308.55695611736985,308.7139514964688
0,dram_7,3,4,bank_array_pim_region,308.79348215445873,308.82418060430405
0,dram_7,3,5,bank_array_pim_region,308.77294167197596,308.80430804910594
0,dram_7,3,6,bank_array_pim_region,308.74885114522135,308.77919670337064
0,dram_7,3,7,bank_array_pim_region,308.72644119310655,308.75560691966746
0,dram_7,3,8,bank_array_pim_region,308.80970292338753,308.83793180236046
0,dram_7,3,9,bank_array_pim_region,308.77608489475574,308.8042302282316
0,dram_7,3,10,bank_array_pim_region,308.7529728826055,308.7812287076804
0,dram_7,3,11,bank_array_pim_region,308.7421676312114,308.7707499065772
0,dram_7,3,12,bank_array_pim_region,308.35583289069797,308.645988707978
0,dram_7,3,13,bank_array_pim_region,308.3269243168865,308.6111264828154
0,dram_7,3,14,bank_array_pim_region,308.30369990942137,308.58768942546305
0,dram_7,3,15,bank_array_pim_region,308.28705138418843,308.5775128462441
0,dram_7,4,0,bank_array_pim_region,308.53955062456157,308.6973521936044
0,dram_7,4,1,bank_array_pim_region,308.5230798674972,308.6832694265979
0,dram_7,4,2,bank_array_pim_region,308.5012752322778,308.6634016549933
0,dram_7,4,3,bank_array_pim_region,308.46566832482836,308.6264832757469
0,dram_7,4,4,bank_array_pim_region,308.7080333555708,308.73696693894004
0,dram_7,4,5,bank_array_pim_region,308.6910982459264,308.72188015686663
0,dram_7,4,6,bank_array_pim_region,308.6682764808629,308.7009485204156
0,dram_7,4,7,bank_array_pim_region,308.6299630516074,308.6628599646307
0,dram_7,4,8,bank_array_pim_region,308.7420924565661,308.77119284194345
0,dram_7,4,9,bank_array_pim_region,308.7462181184055,308.7759188806024
0,dram_7,4,10,bank_array_pim_region,308.7426963357266,308.77452698150825
0,dram_7,4,11,bank_array_pim_region,308.71729477775966,308.7502902089355
0,dram_7,4,12,bank_array_pim_region,308.2759656765749,308.5790322894797
0,dram_7,4,13,bank_array_pim_region,308.2667349625867,308.5856838573545
0,dram_7,4,14,bank_array_pim_region,308.25283447472657,308.5855006501586
0,dram_7,4,15,bank_array_pim_region,308.2265552698834,308.5640596246054
0,dram_7,5,0,bank_array_pim_region,308.4107000453945,308.56503760407907
0,dram_7,5,1,bank_array_pim_region,308.3362519384218,308.4787097830861
0,dram_7,5,2,bank_array_pim_region,308.24781563280567,308.37448665712833
0,dram_7,5,3,bank_array_pim_region,308.1543563549993,308.2638804809428
0,dram_7,5,4,bank_array_pim_region,308.56984706564066,308.6001091347375
0,dram_7,5,5,bank_array_pim_region,308.4876994131401,308.5128310506696
0,dram_7,5,6,bank_array_pim_region,308.3895500036564,308.4090876753712
0,dram_7,5,7,bank_array_pim_region,308.2853132832169,308.29914549413724
0,dram_7,5,8,bank_array_pim_region,308.6609072951757,308.6932201528609
0,dram_7,5,9,bank_array_pim_region,308.57314933350096,308.6028397981663
0,dram_7,5,10,bank_array_pim_region,308.46243420375606,308.48956388682944
0,dram_7,5,11,bank_array_pim_region,308.3425623963867,308.3681096979781
0,dram_7,5,12,bank_array_pim_region,308.18301014933866,308.5120961467057
0,dram_7,5,13,bank_array_pim_region,308.12208277018584,308.42913963267074
0,dram_7,5,14,bank_array_pim_region,308.04847198002653,308.3235807042391
0,dram_7,5,15,bank_array_pim_region,307.969848431026,308.20920474153564
0,dram_7,6,0,bank_array_pim_region,308.0637431462322,308.15689196229715
0,dram_7,6,1,bank_array_pim_region,307.9810722514421,308.0598300684515
0,dram_7,6,2,bank_array_pim_region,307.90904789166507,307.9758593072025
0,dram_7,6,3,bank_array_pim_region,307.84885254155876,307.90618137142536
0,dram_7,6,4,bank_array_pim_region,308.18381361415106,308.1927533633922
0,dram_7,6,5,bank_array_pim_region,308.090881323237,308.09606965130666
0,dram_7,6,6,bank_array_pim_region,308.0096970800936,308.01315948919057
0,dram_7,6,7,bank_array_pim_region,307.94171438790033,307.9485946276276
0,dram_7,6,8,bank_array_pim_region,308.225485195106,308.24956187192333
0,dram_7,6,9,bank_array_pim_region,308.1187416138148,308.14156231093693
0,dram_7,6,10,bank_array_pim_region,308.0261424468258,308.04794212419876
0,dram_7,6,11,bank_array_pim_region,307.94918158655776,307.9701773931118
0,dram_7,6,12,bank_array_pim_region,307.8930014474007,308.0978441970706
0,dram_7,6,13,bank_array_pim_region,307.8224104969672,307.99681130666403
0,dram_7,6,14,bank_array_pim_region,307.7605429419123,307.90964400273367
0,dram_7,6,15,bank_array_pim_region,307.70856896391575,307.8375765354662
0,dram_7,7,0,bank_array_pim_region,307.8008530594398,307.85098362115394
0,dram_7,7,1,bank_array_pim_region,307.76504305445724,307.8100271647361
0,dram_7,7,2,bank_array_pim_region,307.7412879385805,307.7829678713541
0,dram_7,7,3,bank_array_pim_region,307.7294505134821,307.76951738985
0,dram_7,7,4,bank_array_pim_region,307.8874345275306,307.8964365738372
0,dram_7,7,5,bank_array_pim_region,307.8469056886749,307.8571569056806
0,dram_7,7,6,bank_array_pim_region,307.8200073227912,307.83093613150425
0,dram_7,7,7,bank_array_pim_region,307.8066002979207,307.8178231437305
0,dram_7,7,8,bank_array_pim_region,307.8881541937351,307.9085368387757
0,dram_7,7,9,bank_array_pim_region,307.8428440658911,307.86427896782186
0,dram_7,7,10,bank_array_pim_region,307.8128970128506,307.83605213884516
0,dram_7,7,11,bank_array_pim_region,307.7980080475026,307.8219896490491
0,dram_7,7,12,bank_array_pim_region,307.66694599450557,307.78068991709847
0,dram_7,7,13,bank_array_pim_region,307.6357870212149,307.73860823388145
0,dram_7,7,14,bank_array_pim_region,307.6150662050186,307.7108682122267
0,dram_7,7,15,bank_array_pim_region,307.6047254113446,307.69709836337825
